{"epoch": 9, "epoch_loss": 34.40439257621766, "_runtime": 1034, "_timestamp": 1638373341, "_step": 19, "epoch_test_loss": 97.69830627918245, "_wandb": {"runtime": 1035}}