,mean_height_rel_error,mean_weight_rel_error
0,0.16009343570131687,0.6305918807365186
1,0.07869931065845605,0.21865972507022288
2,0.07692606373592445,0.3750785051219103
3,0.07362901242824318,0.5079633144685988
4,0.09453086106940455,0.49243901662624795
