{"epoch": 19, "epoch_loss": 65.2550592454672, "_runtime": 2127, "_timestamp": 1638375899, "_step": 39, "epoch_test_loss": 203.78990935897826, "_wandb": {"runtime": 2128}}