{"epoch": 1, "epoch_loss": 229.34580555933712, "_runtime": 208, "_timestamp": 1638455551, "_step": 3, "epoch_test_loss": 306.8071446990967, "mean_height_rel_error": 0.15064565349021067, "mean_weight_rel_error": 1.1557175466162575}