{"epoch": 12, "epoch_loss": 39.50365987465299, "_runtime": 21171, "_timestamp": 1638402619, "_step": 25, "epoch_test_loss": 177.36530591249468, "gradients/last.4.bias": {"_type": "histogram", "values": [1.0, 0.0, 0.0, 0.0, 0.0, 0.0, 0.0, 0.0, 0.0, 0.0, 0.0, 0.0, 0.0, 0.0, 0.0, 0.0, 0.0, 0.0, 0.0, 0.0, 0.0, 0.0, 0.0, 0.0, 0.0, 0.0, 0.0, 0.0, 0.0, 0.0, 0.0, 0.0, 0.0, 0.0, 0.0, 0.0, 0.0, 0.0, 0.0, 0.0, 0.0, 0.0, 0.0, 0.0, 0.0, 0.0, 0.0, 0.0, 0.0, 0.0, 0.0, 0.0, 0.0, 0.0, 0.0, 0.0, 0.0, 0.0, 0.0, 0.0, 0.0, 0.0, 0.0, 1.0], "bins": [-11.0, -10.828125, -10.65625, -10.484375, -10.3125, -10.140625, -9.96875, -9.796875, -9.625, -9.453125, -9.28125, -9.109375, -8.9375, -8.765625, -8.59375, -8.421875, -8.25, -8.078125, -7.90625, -7.734375, -7.5625, -7.390625, -7.21875, -7.046875, -6.875, -6.703125, -6.53125, -6.359375, -6.1875, -6.015625, -5.84375, -5.671875, -5.5, -5.328125, -5.15625, -4.984375, -4.8125, -4.640625, -4.46875, -4.296875, -4.125, -3.953125, -3.78125, -3.609375, -3.4375, -3.265625, -3.09375, -2.921875, -2.75, -2.578125, -2.40625, -2.234375, -2.0625, -1.890625, -1.71875, -1.546875, -1.375, -1.203125, -1.03125, -0.859375, -0.6875, -0.515625, -0.34375, -0.171875, 0.0]}, "gradients/last.4.weight": {"_type": "histogram", "values": [1.0, 0.0, 1.0, 0.0, 0.0, 0.0, 1.0, 0.0, 0.0, 0.0, 0.0, 0.0, 1.0, 0.0, 0.0, 0.0, 0.0, 0.0, 0.0, 0.0, 0.0, 0.0, 0.0, 0.0, 0.0, 0.0, 0.0, 0.0, 0.0, 1.0, 0.0, 0.0, 0.0, 0.0, 0.0, 0.0, 0.0, 0.0, 0.0, 0.0, 0.0, 0.0, 0.0, 0.0, 0.0, 0.0, 0.0, 0.0, 0.0, 0.0, 0.0, 0.0, 0.0, 1.0, 0.0, 0.0, 0.0, 0.0, 0.0, 0.0, 0.0, 0.0, 0.0, 58.0], "bins": [-1663.0, -1636.85546875, -1610.7109375, -1584.56640625, -1558.421875, -1532.27734375, -1506.1328125, -1479.98828125, -1453.84375, -1427.69921875, -1401.5546875, -1375.41015625, -1349.265625, -1323.12109375, -1296.9765625, -1270.83203125, -1244.6875, -1218.54296875, -1192.3984375, -1166.25390625, -1140.109375, -1113.96484375, -1087.8203125, -1061.67578125, -1035.53125, -1009.38671875, -983.2421875, -957.09765625, -930.953125, -904.80859375, -878.6640625, -852.51953125, -826.375, -800.23046875, -774.0859375, -747.94140625, -721.796875, -695.65234375, -669.5078125, -643.36328125, -617.21875, -591.07421875, -564.9296875, -538.78515625, -512.640625, -486.49609375, -460.3515625, -434.20703125, -408.0625, -381.91796875, -355.7734375, -329.62890625, -303.484375, -277.33984375, -251.1953125, -225.05078125, -198.90625, -172.76171875, -146.6171875, -120.47265625, -94.328125, -68.18359375, -42.0390625, -15.89453125, 10.25]}, "gradients/last.2.bias": {"_type": "histogram", "values": [1.0, 0.0, 0.0, 0.0, 0.0, 0.0, 0.0, 0.0, 0.0, 0.0, 0.0, 0.0, 0.0, 0.0, 1.0, 0.0, 0.0, 0.0, 0.0, 0.0, 0.0, 1.0, 0.0, 0.0, 0.0, 0.0, 0.0, 0.0, 0.0, 0.0, 0.0, 0.0, 0.0, 0.0, 0.0, 0.0, 0.0, 1.0, 0.0, 0.0, 0.0, 0.0, 0.0, 26.0, 0.0, 1.0, 0.0, 0.0, 0.0, 0.0, 0.0, 0.0, 0.0, 0.0, 0.0, 0.0, 0.0, 0.0, 0.0, 0.0, 0.0, 0.0, 0.0, 1.0], "bins": [-0.87615966796875, -0.855860710144043, -0.8355617523193359, -0.8152627944946289, -0.7949638366699219, -0.7746648788452148, -0.7543659210205078, -0.7340669631958008, -0.7137680053710938, -0.6934690475463867, -0.6731700897216797, -0.6528711318969727, -0.6325721740722656, -0.6122732162475586, -0.5919742584228516, -0.5716753005981445, -0.5513763427734375, -0.5310773849487305, -0.5107784271240234, -0.4904794692993164, -0.4701805114746094, -0.44988155364990234, -0.4295825958251953, -0.4092836380004883, -0.38898468017578125, -0.3686857223510742, -0.3483867645263672, -0.32808780670166016, -0.3077888488769531, -0.2874898910522461, -0.26719093322753906, -0.24689197540283203, -0.226593017578125, -0.20629405975341797, -0.18599510192871094, -0.1656961441040039, -0.14539718627929688, -0.12509822845458984, -0.10479927062988281, -0.08450031280517578, -0.06420135498046875, -0.04390239715576172, -0.023603439331054688, -0.0033044815063476562, 0.016994476318359375, 0.037293434143066406, 0.05759239196777344, 0.07789134979248047, 0.0981903076171875, 0.11848926544189453, 0.13878822326660156, 0.1590871810913086, 0.17938613891601562, 0.19968509674072266, 0.2199840545654297, 0.24028301239013672, 0.26058197021484375, 0.2808809280395508, 0.3011798858642578, 0.32147884368896484, 0.3417778015136719, 0.3620767593383789, 0.38237571716308594, 0.40267467498779297, 0.4229736328125]}, "gradients/last.2.weight": {"_type": "histogram", "values": [1.0, 0.0, 0.0, 0.0, 0.0, 0.0, 0.0, 0.0, 0.0, 0.0, 0.0, 2.0, 0.0, 1.0, 1.0, 0.0, 0.0, 0.0, 2.0, 0.0, 1.0, 0.0, 2.0, 0.0, 1.0, 0.0, 3.0, 2.0, 1.0, 0.0, 2.0, 0.0, 0.0, 1.0, 1.0, 1.0, 1.0, 2.0, 1.0, 2.0, 2.0, 0.0, 2.0, 4050.0, 2.0, 4.0, 0.0, 0.0, 1.0, 0.0, 0.0, 1.0, 0.0, 0.0, 1.0, 0.0, 1.0, 1.0, 1.0, 1.0, 0.0, 0.0, 0.0, 1.0], "bins": [-458.3175964355469, -447.74542236328125, -437.1732482910156, -426.60107421875, -416.0289001464844, -405.45672607421875, -394.8845520019531, -384.3123779296875, -373.740234375, -363.1680603027344, -352.59588623046875, -342.0237121582031, -331.4515380859375, -320.8793640136719, -310.30718994140625, -299.73504638671875, -289.162841796875, -278.5906677246094, -268.01849365234375, -257.4463195800781, -246.8741455078125, -236.30197143554688, -225.7298126220703, -215.1576385498047, -204.58546447753906, -194.01329040527344, -183.4411163330078, -172.8689422607422, -162.29678344726562, -151.724609375, -141.15243530273438, -130.58026123046875, -120.008056640625, -109.43588256835938, -98.86370849609375, -88.29154205322266, -77.71936798095703, -67.1471939086914, -56.57502365112305, -46.00285339355469, -35.43067932128906, -24.85850715637207, -14.286334991455078, -3.714162826538086, 6.858009338378906, 17.43018341064453, 28.00235366821289, 38.57452392578125, 49.146697998046875, 59.7188720703125, 70.29104614257812, 80.86321258544922, 91.43538665771484, 102.00756072998047, 112.57972717285156, 123.15190124511719, 133.7240753173828, 144.29624938964844, 154.86842346191406, 165.4405975341797, 176.01275634765625, 186.58493041992188, 197.1571044921875, 207.72927856445312, 218.30145263671875]}, "gradients/last.0.bias": {"_type": "histogram", "values": [1.0, 0.0, 0.0, 1.0, 0.0, 0.0, 0.0, 0.0, 0.0, 0.0, 0.0, 0.0, 1.0, 0.0, 0.0, 0.0, 0.0, 0.0, 0.0, 0.0, 0.0, 1.0, 0.0, 0.0, 0.0, 0.0, 0.0, 0.0, 0.0, 0.0, 0.0, 0.0, 0.0, 0.0, 0.0, 0.0, 0.0, 0.0, 0.0, 0.0, 1.0, 1.0, 1.0, 2.0, 117.0, 1.0, 0.0, 0.0, 0.0, 0.0, 0.0, 0.0, 0.0, 0.0, 0.0, 0.0, 0.0, 0.0, 0.0, 0.0, 0.0, 0.0, 0.0, 1.0], "bins": [-0.10891507565975189, -0.10645363479852676, -0.10399218648672104, -0.10153074562549591, -0.09906929731369019, -0.09660785645246506, -0.09414641559123993, -0.0916849672794342, -0.08922352641820908, -0.08676208555698395, -0.08430063724517822, -0.0818391963839531, -0.07937775552272797, -0.07691630721092224, -0.07445486634969711, -0.07199342548847198, -0.06953197717666626, -0.06707053631544113, -0.0646090880036354, -0.06214764714241028, -0.05968620255589485, -0.057224757969379425, -0.0547633171081543, -0.05230187252163887, -0.049840427935123444, -0.04737898334860802, -0.04491753876209259, -0.04245609790086746, -0.039994653314352036, -0.03753320872783661, -0.03507176786661148, -0.032610323280096054, -0.030148886144161224, -0.027687441557645798, -0.02522599883377552, -0.022764556109905243, -0.020303111523389816, -0.01784166693687439, -0.015380224213004112, -0.012918781489133835, -0.010457336902618408, -0.007995893247425556, -0.005534449592232704, -0.003073005937039852, -0.0006115622818470001, 0.001849881373345852, 0.004311325028538704, 0.006772767752408981, 0.009234212338924408, 0.01169565599411726, 0.014157099649310112, 0.01661854237318039, 0.019079986959695816, 0.021541431546211243, 0.02400287427008152, 0.026464316993951797, 0.028925761580467224, 0.03138720616698265, 0.03384865075349808, 0.036310091614723206, 0.03877153620123863, 0.04123298078775406, 0.04369442164897919, 0.046155866235494614, 0.04861731082201004]}, "gradients/last.0.weight": {"_type": "histogram",