{"epoch": 12, "epoch_loss": 37.49930003007253, "_runtime": 21341, "_timestamp": 1638428530, "_step": 25, "epoch_test_loss": 162.87203440319408, "gradients/last.4.bias": {"_type": "histogram", "values": [1.0, 0.0, 0.0, 0.0, 0.0, 0.0, 0.0, 0.0, 0.0, 0.0, 0.0, 0.0, 0.0, 0.0, 0.0, 0.0, 0.0, 0.0, 0.0, 0.0, 0.0, 0.0, 0.0, 0.0, 0.0, 0.0, 0.0, 0.0, 0.0, 0.0, 0.0, 0.0, 0.0, 0.0, 0.0, 0.0, 0.0, 0.0, 0.0, 0.0, 0.0, 0.0, 0.0, 0.0, 0.0, 0.0, 0.0, 0.0, 0.0, 0.0, 0.0, 0.0, 0.0, 0.0, 0.0, 0.0, 0.0, 0.0, 0.0, 0.0, 0.0, 0.0, 0.0, 1.0], "bins": [-3.0, -2.78125, -2.5625, -2.34375, -2.125, -1.90625, -1.6875, -1.46875, -1.25, -1.03125, -0.8125, -0.59375, -0.375, -0.15625, 0.0625, 0.28125, 0.5, 0.71875, 0.9375, 1.15625, 1.375, 1.59375, 1.8125, 2.03125, 2.25, 2.46875, 2.6875, 2.90625, 3.125, 3.34375, 3.5625, 3.78125, 4.0, 4.21875, 4.4375, 4.65625, 4.875, 5.09375, 5.3125, 5.53125, 5.75, 5.96875, 6.1875, 6.40625, 6.625, 6.84375, 7.0625, 7.28125, 7.5, 7.71875, 7.9375, 8.15625, 8.375, 8.59375, 8.8125, 9.03125, 9.25, 9.46875, 9.6875, 9.90625, 10.125, 10.34375, 10.5625, 10.78125, 11.0]}, "gradients/last.4.weight": {"_type": "histogram", "values": [1.0, 1.0, 0.0, 0.0, 0.0, 0.0, 0.0, 1.0, 0.0, 0.0, 0.0, 1.0, 55.0, 1.0, 0.0, 0.0, 1.0, 0.0, 0.0, 0.0, 0.0, 0.0, 0.0, 0.0, 0.0, 0.0, 0.0, 0.0, 0.0, 0.0, 0.0, 0.0, 1.0, 0.0, 0.0, 0.0, 0.0, 0.0, 0.0, 0.0, 0.0, 0.0, 0.0, 0.0, 0.0, 0.0, 0.0, 0.0, 0.0, 0.0, 0.0, 0.0, 0.0, 0.0, 1.0, 0.0, 0.0, 0.0, 0.0, 0.0, 0.0, 0.0, 0.0, 1.0], "bins": [-640.25, -588.5390625, -536.828125, -485.1171875, -433.40625, -381.6953125, -329.984375, -278.2734375, -226.5625, -174.8515625, -123.140625, -71.4296875, -19.71875, 31.9921875, 83.703125, 135.4140625, 187.125, 238.8359375, 290.546875, 342.2578125, 393.96875, 445.6796875, 497.390625, 549.1015625, 600.8125, 652.5234375, 704.234375, 755.9453125, 807.65625, 859.3671875, 911.078125, 962.7890625, 1014.5, 1066.2109375, 1117.921875, 1169.6328125, 1221.34375, 1273.0546875, 1324.765625, 1376.4765625, 1428.1875, 1479.8984375, 1531.609375, 1583.3203125, 1635.03125, 1686.7421875, 1738.453125, 1790.1640625, 1841.875, 1893.5859375, 1945.296875, 1997.0078125, 2048.71875, 2100.4296875, 2152.140625, 2203.8515625, 2255.5625, 2307.2734375, 2358.984375, 2410.6953125, 2462.40625, 2514.1171875, 2565.828125, 2617.5390625, 2669.25]}, "gradients/last.2.bias": {"_type": "histogram", "values": [1.0, 0.0, 0.0, 0.0, 0.0, 0.0, 0.0, 0.0, 0.0, 0.0, 0.0, 0.0, 0.0, 0.0, 0.0, 0.0, 0.0, 0.0, 0.0, 0.0, 0.0, 0.0, 0.0, 1.0, 0.0, 0.0, 0.0, 0.0, 0.0, 0.0, 0.0, 0.0, 0.0, 0.0, 0.0, 0.0, 0.0, 0.0, 0.0, 0.0, 0.0, 0.0, 0.0, 0.0, 0.0, 0.0, 0.0, 0.0, 0.0, 0.0, 27.0, 1.0, 1.0, 0.0, 0.0, 0.0, 0.0, 0.0, 0.0, 0.0, 0.0, 0.0, 0.0, 1.0], "bins": [-0.65484619140625, -0.6419382095336914, -0.6290302276611328, -0.6161222457885742, -0.6032142639160156, -0.590306282043457, -0.5773983001708984, -0.5644903182983398, -0.5515823364257812, -0.5386743545532227, -0.5257663726806641, -0.5128583908081055, -0.4999504089355469, -0.4870424270629883, -0.4741344451904297, -0.4612264633178711, -0.4483184814453125, -0.4354104995727539, -0.4225025177001953, -0.4095945358276367, -0.3966865539550781, -0.38377857208251953, -0.37087059020996094, -0.35796260833740234, -0.34505462646484375, -0.33214664459228516, -0.31923866271972656, -0.30633068084716797, -0.2934226989746094, -0.2805147171020508, -0.2676067352294922, -0.2546987533569336, -0.241790771484375, -0.2288827896118164, -0.2159748077392578, -0.20306682586669922, -0.19015884399414062, -0.17725086212158203, -0.16434288024902344, -0.15143489837646484, -0.13852691650390625, -0.12561893463134766, -0.11271095275878906, -0.09980297088623047, -0.08689498901367188, -0.07398700714111328, -0.06107902526855469, -0.048171043395996094, -0.0352630615234375, -0.022355079650878906, -0.009447097778320312, 0.0034608840942382812, 0.016368865966796875, 0.02927684783935547, 0.04218482971191406, 0.055092811584472656, 0.06800079345703125, 0.08090877532958984, 0.09381675720214844, 0.10672473907470703, 0.11963272094726562, 0.13254070281982422, 0.1454486846923828, 0.1583566665649414, 0.1712646484375]}, "gradients/last.2.weight": {"_type": "histogram", "values": [1.0, 0.0, 0.0, 0.0, 0.0, 0.0, 0.0, 0.0, 0.0, 1.0, 0.0, 0.0, 0.0, 0.0, 0.0, 0.0, 0.0, 1.0, 0.0, 0.0, 1.0, 1.0, 0.0, 0.0, 0.0, 0.0, 0.0, 1.0, 0.0, 0.0, 0.0, 1.0, 1.0, 1.0, 0.0, 0.0, 1.0, 1.0, 1.0, 0.0, 1.0, 4.0, 1.0, 0.0, 2.0, 0.0, 1.0, 4049.0, 14.0, 5.0, 1.0, 1.0, 0.0, 0.0, 1.0, 0.0, 0.0, 1.0, 1.0, 0.0, 1.0, 0.0, 0.0, 1.0], "bins": [-530.0535278320312, -518.9533081054688, -507.8531494140625, -496.7529602050781, -485.65277099609375, -474.5525817871094, -463.452392578125, -452.3521728515625, -441.25201416015625, -430.1518249511719, -419.0516357421875, -407.9514465332031, -396.85125732421875, -385.7510681152344, -374.65087890625, -363.5506591796875, -352.4504699707031, -341.35028076171875, -330.2500915527344, -319.14990234375, -308.0497131347656, -296.94952392578125, -285.84930419921875, -274.7491455078125, -263.64892578125, -252.54873657226562, -241.44854736328125, -230.34835815429688, -219.2481689453125, -208.14797973632812, -197.0477752685547, -185.9475860595703, -174.847412109375, -163.74722290039062, -152.64703369140625, -141.54684448242188, -130.4466552734375, -119.3464584350586, -108.24626159667969, -97.14607238769531, -86.04588317871094, -74.94569396972656, -63.84550094604492, -52.74530792236328, -41.645118713378906, -30.54492950439453, -19.444732666015625, -8.34454345703125, 2.755645751953125, 13.855836868286133, 24.95602798461914, 36.05622100830078, 47.156410217285156, 58.25659942626953, 69.35679626464844, 80.45698547363281, 91.55717468261719, 102.65736389160156, 113.75755310058594, 124.85774993896484, 135.95794677734375, 147.05813598632812, 158.1583251953125, 169.25851440429688, 180.35870361328125]}, "gradients/last.0.bias": {"_type": "histogram", "values": [1.0, 0.0, 0.0, 0.0, 0.0, 0.0, 0.0, 0.0, 1.0, 0.0, 0.0, 0.0, 1.0, 0.0, 1.0, 0.0, 0.0, 0.0, 0.0, 1.0, 1.0, 0.0, 0.0, 0.0, 0.0, 1.0, 0.0, 0.0, 0.0, 0.0, 0.0, 0.0, 1.0, 0.0, 1.0, 0.0, 115.0, 1.0, 1.0, 1.0, 0.0, 0.0, 0.0, 0.0, 0.0, 0.0, 0.0, 0.0, 0.0, 0.0, 0.0, 0.0, 0.0, 0.0, 0.0, 0.0, 0.0, 0.0, 0.0, 0.0, 0.0, 0.0, 0.0, 1.0], "bins": [-0.07874338328838348, -0.07660189270973206, -0.07446040958166122, -0.0723189190030098, -0.07017743587493896, -0.06803594529628754, -0.0658944621682167, -0.06375297158956528, -0.061611488461494446, -0.059470001608133316, -0.057328514754772186, -0.055187027901411057, -0.05304554104804993, -0.0509040541946888, -0.04876256734132767, -0.04662107676267624, -0.04447958990931511, -0.04233810305595398, -0.04019661620259285, -0.03805512934923172, -0.03591364249587059, -0.03377215564250946, -0.03163066506385803, -0.02948918007314205, -0.027347693219780922, -0.025206206366419792, -0.023064719513058662, -0.020923230797052383, -0.018781743943691254, -0.016640257090330124, -0.014498770236968994, -0.012357283383607864, -0.010215792804956436, -0.008074305951595306, -0.005932818632572889, -0.0037913313135504723, -0.0016498444601893425, 0.0004916423931717873, 0.0026331301778554916, 0.004774617031216621, 0.006916103884577751, 0.009057590737938881, 0.01119907759130001, 0.013340565375983715, 0.015482052229344845, 0.01762354001402855, 0.01976502686738968, 0.02190651372075081, 0.02404800057411194, 0.026189487427473068, 0.028330974280834198, 0.030472461134195328, 0.03261394798755646, 0.03475543484091759, 0.03689692169427872, 0.039038412272930145, 0.04117989540100098, 0.043321382254362106, 0.045462869107723236, 0.047604355961084366, 0.049745842814445496, 0.051887329667806625, 0.054028816521167755, 0.05617030709981918, 0.05831179395318031]}, "gradients/last.0.weight": {"_type": "histogram", "values": [1.0, 0.0, 0.0, 0.0, 0.0, 1.0, 0.0, 0.0, 1.0, 1.0, 0.0, 0.0, 2.0, 1.0, 1.0, 2.0, 0.0, 1.0, 2.0, 1.0, 2.0, 3.0, 1.0, 4.0, 2.0, 3.0, 1.0, 4.0, 4.0, 7.0, 8.0, 4.0, 8.0, 12.0, 22.0, 41.0, 32798.0, 47.0, 20.0, 6.0, 0.0, 1.0, 2.0, 1.0, 1.0, 0.0, 1.0, 2.0, 0.0, 1.0, 0.0, 0.0, 0.0, 1.0, 0.0, 0.0, 0.0, 1.0, 0.0, 0.0, 1.0, 0.0, 0.0, 1.0],