{"epoch": 9, "epoch_loss": 28.790931190729133, "_runtime": 1057, "_timestamp": 1638404754, "_step": 19, "epoch_test_loss": 151.0360953195095, "_wandb": {"runtime": 1059}}